post_id,platform,campaign_name,post_type,estimated_donation_value_php,predicted_donation_value_php,prediction_error_php
318,WhatsApp,,FundraisingAppeal,21473.25,4669.97111324073,16803.278886759268
529,Instagram,,EducationalContent,4708.45,113.09203972362123,4595.357960276378
86,LinkedIn,,EventPromotion,0.0,0.30770995115403155,-0.30770995115403155
380,Instagram,,ThankYou,0.0,42.9043136259132,-42.9043136259132
425,TikTok,,ThankYou,8351.49,652.4164562701624,7699.073543729837
807,Instagram,,EventPromotion,3516.65,760.6880852456428,2755.961914754357
757,Facebook,,FundraisingAppeal,27029.1,15334.409374393532,11694.690625606467
554,Twitter,,FundraisingAppeal,55256.28,9414.574673222327,45841.70532677767
736,YouTube,,EventPromotion,6056.45,252.06851643070948,5804.38148356929
148,YouTube,,EducationalContent,4623.84,270.72240442340205,4353.117595576598
537,WhatsApp,,Campaign,40736.87,3357.811080843666,37379.058919156334
507,Twitter,,ImpactStory,39786.25,50104.05125300623,-10317.801253006233
226,Instagram,,Campaign,27427.85,41528.48005335845,-14100.63005335845
657,WhatsApp,,FundraisingAppeal,0.0,14.13123880301083,-14.13123880301083
714,Twitter,,Campaign,3650.81,3999.2136828045536,-348.4036828045537
157,Instagram,,EducationalContent,0.0,-0.6595881934457302,0.6595881934457302
733,Twitter,,ImpactStory,4431.22,697.9740515601496,3733.2459484398505
324,Instagram,,Campaign,2107.99,5887.087420739907,-3779.0974207399076
808,Twitter,,FundraisingAppeal,2677.48,332.17785248009994,2345.3021475199002
297,LinkedIn,,EducationalContent,0.0,10.254384733168775,-10.254384733168775
115,TikTok,,Campaign,28551.49,110533.73488727675,-81982.24488727674
16,Facebook,,EducationalContent,0.0,-0.4657565300156027,0.4657565300156027
523,WhatsApp,,FundraisingAppeal,0.0,0.3673302576117225,-0.3673302576117225
292,YouTube,,ImpactStory,801434.24,382708.7181163739,418725.5218836261
135,WhatsApp,,Campaign,82822.12,62403.738983511816,20418.38101648818
296,Instagram,,ImpactStory,20949.08,39375.70871120385,-18426.628711203848
794,LinkedIn,,EventPromotion,0.0,-0.6003519737912427,0.6003519737912427
207,LinkedIn,,Campaign,0.0,-0.06777475781663755,0.06777475781663755
689,Twitter,,EducationalContent,7591.0,723.921595727926,6867.078404272074
632,WhatsApp,,ImpactStory,34810.04,44149.86523018107,-9339.825230181072
154,Facebook,,EventPromotion,4502.18,469.0761627367719,4033.1038372632283
734,Instagram,,ImpactStory,210848.57,401695.24590862205,-190846.67590862204
46,Twitter,,ThankYou,0.0,7.357706982612157,-7.357706982612157
8,Instagram,,EducationalContent,632.03,171.22284752847642,460.8071524715235
746,WhatsApp,,Campaign,0.0,4.929512737016242,-4.929512737016242
525,Twitter,,EventPromotion,0.0,0.12353488040367326,-0.12353488040367326
210,Instagram,,Campaign,0.0,192.16520680062453,-192.16520680062453
436,Twitter,,EducationalContent,0.0,3.1713592914361204,-3.1713592914361204
655,Instagram,,Campaign,0.0,1388.7751616349458,-1388.7751616349458
482,Instagram,,ImpactStory,4636.05,636.3360184826747,3999.7139815173255
517,Instagram,,FundraisingAppeal,22433.25,5806.671878125191,16626.57812187481
711,LinkedIn,,EventPromotion,0.0,5.975651203066026,-5.975651203066026
610,Facebook,,EventPromotion,0.0,-0.39267629562770906,0.39267629562770906
159,TikTok,,FundraisingAppeal,294622.66,353064.4898014892,-58441.82980148925
162,LinkedIn,,ThankYou,0.0,6.463307228330545,-6.463307228330545
511,LinkedIn,,ImpactStory,152237.58,36474.04250426106,115763.53749573893
313,YouTube,,EventPromotion,0.0,20.992141402142934,-20.992141402142934
431,Instagram,,EducationalContent,7928.52,274.58217545614775,7653.937824543853
182,YouTube,,EducationalContent,9174.75,4916.153016592891,4258.596983407109
70,Instagram,,ImpactStory,39821.44,107718.54597843789,-67897.10597843789
401,Facebook,,FundraisingAppeal,15857.8,2913.962677731214,12943.837322268784
621,Twitter,,Campaign,3205.8,12628.262365893854,-9422.462365893854
373,YouTube,,EducationalContent,0.0,45.68696701298711,-45.68696701298711
477,Facebook,,ImpactStory,263493.68,193478.67224647157,70015.00775352842
305,LinkedIn,,Campaign,15903.94,2635.315292558095,13268.624707441906
116,YouTube,,EventPromotion,1878.65,2123.4568901843886,-244.80689018438852
323,WhatsApp,,ImpactStory,384405.63,135965.4665993863,248440.1634006137
184,LinkedIn,,ThankYou,0.0,5.412908184711497,-5.412908184711497
337,Facebook,,EventPromotion,0.0,1.8100872762343787,-1.8100872762343787
688,Twitter,,FundraisingAppeal,124862.73,24367.097725167598,100495.6322748324
17,Instagram,,FundraisingAppeal,0.0,5.701341780847166,-5.701341780847166
306,Instagram,Summer of Safety,Campaign,41656.04,22883.979571001255,18772.060428998746
670,LinkedIn,Summer of Safety,ThankYou,0.0,8.112294190148353,-8.112294190148353
169,Instagram,Summer of Safety,ImpactStory,717543.3,425920.6920283929,291622.6079716071
79,Twitter,,ImpactStory,62020.44,20848.229960266097,41172.21003973391
467,LinkedIn,,ImpactStory,9911.56,5273.7172937809,4637.8427062190995
455,Facebook,,ThankYou,0.0,0.16424645986447572,-0.16424645986447572
445,TikTok,Summer of Safety,ImpactStory,74959.83,247891.0251821244,-172931.1951821244
597,WhatsApp,,ImpactStory,50224.1,12617.226443989159,37606.87355601084
704,Twitter,,ThankYou,866.89,54.17116949684233,812.7188305031576
319,TikTok,,ThankYou,0.0,5.492720769504837,-5.492720769504837
363,Twitter,,ImpactStory,85463.02,31391.21846025647,54071.80153974354
412,Facebook,,FundraisingAppeal,17452.08,8844.086668977006,8607.993331022995
696,Facebook,Summer of Safety,ThankYou,0.0,20.180609156887325,-20.180609156887325
192,WhatsApp,Summer of Safety,EventPromotion,0.0,20.30714953677005,-20.30714953677005
706,Twitter,Summer of Safety,Campaign,4285.53,3537.3610064384607,748.1689935615391
255,Instagram,,EducationalContent,0.0,1.5537374599172522,-1.5537374599172522
800,YouTube,Summer of Safety,EventPromotion,9448.41,926.1380387297439,8522.271961270257
557,Instagram,Summer of Safety,FundraisingAppeal,26770.73,4607.233674282332,22163.496325717668
389,YouTube,Summer of Safety,ThankYou,0.0,2.58080563050991,-2.58080563050991
34,Instagram,,FundraisingAppeal,23100.14,13648.84158040654,9451.298419593459
718,Facebook,Summer of Safety,EventPromotion,0.0,0.12637972825672386,-0.12637972825672386
530,Facebook,,Campaign,163564.37,145954.59753307325,17609.772466926748
749,YouTube,Summer of Safety,EventPromotion,0.0,1.3618019740282623,-1.3618019740282623
288,Instagram,,Campaign,1677.25,1087.4122210002447,589.8377789997553
92,Facebook,,Campaign,4772.83,20463.098242564927,-15690.268242564927
405,Twitter,Summer of Safety,Campaign,22160.15,4020.4392251183617,18139.71077488164
372,Instagram,,Campaign,3936.2,253.12012460277714,3683.0798753972226
244,Instagram,Summer of Safety,ImpactStory,110254.23,111307.63400160648,-1053.4040016064828
342,LinkedIn,Summer of Safety,ImpactStory,166857.83,49201.27287726335,117656.55712273665
770,Instagram,Summer of Safety,Campaign,30120.32,6933.7629558508415,23186.557044149158
108,Facebook,Summer of Safety,FundraisingAppeal,0.0,9.104771994598032,-9.104771994598032
637,WhatsApp,Summer of Safety,EducationalContent,0.0,5.328641932611004,-5.328641932611004
649,WhatsApp,,Campaign,44268.06,29204.96731604515,15063.092683954848
788,Facebook,,FundraisingAppeal,1946.54,620.6936144369249,1325.846385563075
568,WhatsApp,Summer of Safety,ImpactStory,87912.57,96984.54304996223,-9071.973049962224
681,Twitter,Summer of Safety,ThankYou,0.0,7.592529269520224,-7.592529269520224
617,TikTok,,FundraisingAppeal,1517.09,9489.33504547031,-7972.24504547031
664,Facebook,Summer of Safety,FundraisingAppeal,42151.09,215038.53689868184,-172887.44689868184
225,Twitter,Summer of Safety,ImpactStory,11727.79,40548.7670595325,-28820.977059532503
142,Twitter,Summer of Safety,EducationalContent,0.0,14.178491417819908,-14.178491417819908
577,Instagram,,ImpactStory,7385.49,63153.98190279467,-55768.491902794674
256,TikTok,Summer of Safety,EventPromotion,28865.64,18573.680565620623,10291.959434379376
287,YouTube,,ImpactStory,89167.91,59998.307027213115,29169.602972786888
578,Instagram,Back to School,EventPromotion,0.0,9.889544082982889,-9.889544082982889
28,LinkedIn,,ThankYou,0.0,-0.14897605910650488,0.14897605910650488
772,Twitter,,Campaign,10228.98,3308.1128185242455,6920.8671814757545
149,LinkedIn,,ThankYou,0.0,-0.21065315228127013,0.21065315228127013
672,Facebook,,ImpactStory,14368.86,21445.83356602325,-7076.973566023251
640,Instagram,Back to School,EventPromotion,0.0,11.532209124373196,-11.532209124373196
811,Twitter,,EventPromotion,0.0,4.565624167292651,-4.565624167292651
741,TikTok,Back to School,FundraisingAppeal,0.0,4.141146580010487,-4.141146580010487
131,Instagram,Back to School,Campaign,39787.81,31876.608578304662,7911.201421695336
90,WhatsApp,Back to School,ImpactStory,7772.82,1841.9131582886519,5930.906841711348
243,Instagram,Back to School,ThankYou,0.0,-0.2850974657804457,0.2850974657804457
13,Facebook,Back to School,EducationalContent,9974.21,1966.8599958184047,8007.350004181594
65,YouTube,,ThankYou,1998.16,289.60890562602583,1708.5510943739741
480,TikTok,Back to School,ImpactStory,40707.77,20522.679558134303,20185.090441865694
262,Instagram,,ThankYou,0.0,0.03622084928759253,-0.03622084928759253
441,Instagram,,Campaign,3573.65,791.5468875358912,2782.103112464109
806,WhatsApp,,FundraisingAppeal,5183.31,1533.866902610508,3649.4430973894923
37,Facebook,Back to School,EducationalContent,2046.0,1556.1418056542043,489.8581943457957
527,Twitter,Back to School,FundraisingAppeal,11445.13,4325.4519352823345,7119.678064717665
792,Facebook,,ImpactStory,8615.55,1774.791514656533,6840.758485343466
683,TikTok,,ThankYou,4783.99,423.5674537793447,4360.422546220655
552,Facebook,,ThankYou,0.0,1.0372231863134265,-1.0372231863134265
197,WhatsApp,Back to School,EventPromotion,0.0,1.257614649241193,-1.257614649241193
748,Instagram,,EventPromotion,0.0,-0.7572551563469879,0.7572551563469879
505,Instagram,,ImpactStory,4940.25,2210.3300587179233,2729.9199412820767
308,WhatsApp,Back to School,EventPromotion,0.0,-0.5137913728629884,0.5137913728629884
78,Facebook,,ThankYou,0.0,8.364959441852148,-8.364959441852148
789,Facebook,,EducationalContent,0.0,4.814037615552131,-4.814037615552131
457,Instagram,,ImpactStory,84925.78,81964.7251952675,2961.054804732499
661,Facebook,Back to School,ThankYou,0.0,0.08749544905354235,-0.08749544905354235
247,Facebook,Back to School,ThankYou,4135.77,3105.4620334645792,1030.3079665354212
760,Twitter,,ImpactStory,3185.52,11030.509348694704,-7844.989348694704
416,WhatsApp,,ThankYou,0.0,0.256669279187948,-0.256669279187948
634,LinkedIn,Back to School,EventPromotion,0.0,0.6566073000830901,-0.6566073000830901
54,Facebook,Back to School,ImpactStory,193403.54,259791.07998207278,-66387.53998207278
119,LinkedIn,,EducationalContent,0.0,-0.6822010399801175,0.6822010399801175
57,Facebook,,Campaign,16947.69,5085.022570810074,11862.667429189925
249,Instagram,,Campaign,0.0,1151.8971461582557,-1151.8971461582557
512,WhatsApp,Back to School,ThankYou,4336.75,2198.9072715074903,2137.8427284925097
582,WhatsApp,Back to School,ImpactStory,59016.6,89277.6943055845,-30261.094305584505
368,WhatsApp,,ImpactStory,4683.8,18423.00120710644,-13739.201207106442
758,WhatsApp,,ImpactStory,202293.15,55985.52182959794,146307.62817040205
516,Instagram,,EducationalContent,0.0,6.356282846401036,-6.356282846401036
481,WhatsApp,,EventPromotion,0.0,1.9682745423799513,-1.9682745423799513
103,Facebook,,EducationalContent,4300.28,15.079679498447934,4285.200320501552
100,Facebook,,EducationalContent,0.0,74.40632475645788,-74.40632475645788
212,Facebook,,ThankYou,834.03,137.3529742691506,696.6770257308494
91,Facebook,,EducationalContent,0.0,5.673485402927252,-5.673485402927252
761,TikTok,,ThankYou,0.0,101.03756676813035,-101.03756676813035
727,Instagram,,ImpactStory,142469.81,176195.17209127673,-33725.36209127674
178,TikTok,,EducationalContent,4951.33,297.90072485354267,4653.429275146457
229,Facebook,,FundraisingAppeal,0.0,57.597258663386576,-57.597258663386576
732,Instagram,,EducationalContent,0.0,3.023826045909499,-3.023826045909499
612,Instagram,,ImpactStory,24168.22,4224.629005820516,19943.590994179485
153,Twitter,,FundraisingAppeal,7397.73,3967.793813620282,3429.9361863797176
466,Facebook,,FundraisingAppeal,109748.86,54669.22902504092,55079.63097495908
134,WhatsApp,,FundraisingAppeal,0.0,12.604971329037287,-12.604971329037287
10,TikTok,,ImpactStory,7042.2,2988.292864578222,4053.9071354217776
553,WhatsApp,,ThankYou,0.0,-0.19431324336536349,0.19431324336536349
721,Instagram,,FundraisingAppeal,149360.7,15790.572036513871,133570.12796348613
486,Facebook,,FundraisingAppeal,3542.7,119.55770996761836,3423.1422900323814
121,WhatsApp,,EventPromotion,0.0,-0.191926010643936,0.191926010643936
241,Instagram,,EventPromotion,4189.6,521.5251519276189,3668.0748480723814
763,Instagram,,ImpactStory,234063.74,123494.84844894608,110568.89155105391
303,WhatsApp,,FundraisingAppeal,0.0,0.2934870918764444,-0.2934870918764444
26,TikTok,,ThankYou,0.0,5.372333806996921,-5.372333806996921
371,TikTok,,EventPromotion,2416.32,921.0553356981316,1495.2646643018686
143,YouTube,,FundraisingAppeal,12168.31,54349.26083402979,-42180.95083402979
607,LinkedIn,,EventPromotion,0.0,9.491405450994485,-9.491405450994485
694,Instagram,,Campaign,14868.36,2488.6470248740484,12379.712975125953
222,Twitter,,Campaign,8606.61,39776.05996325961,-31169.449963259613
616,Instagram,,Campaign,29722.43,10692.429966817233,19030.00003318277
440,LinkedIn,,ThankYou,0.0,-0.10425738991896022,0.10425738991896022
354,Twitter,,ImpactStory,2591.66,30163.72591371064,-27572.06591371064
495,WhatsApp,,FundraisingAppeal,10884.66,3539.1566943760017,7345.503305623998
767,Instagram,,EducationalContent,0.0,11.72250483959308,-11.72250483959308
678,Twitter,,FundraisingAppeal,0.0,5.769014404360776,-5.769014404360776
476,TikTok,,EducationalContent,4930.48,808.8880669589181,4121.591933041082
150,Twitter,,EducationalContent,0.0,2.8232760134687434,-2.8232760134687434
3,Twitter,,Campaign,22188.01,9443.140972912544,12744.869027087454
802,WhatsApp,,EventPromotion,13945.36,1463.3143476237356,12482.045652376266
419,Facebook,,EducationalContent,0.0,0.26640089214879387,-0.26640089214879387
73,WhatsApp,,ThankYou,0.0,-0.43676340875744685,0.43676340875744685
739,LinkedIn,,EventPromotion,0.0,-0.7946763702457329,0.7946763702457329
357,Facebook,,Campaign,12716.88,7121.374831293323,5595.505168706676
84,Instagram,,Campaign,2845.7,4636.170787615295,-1790.4707876152952
257,Facebook,,EventPromotion,0.0,4.195524278239969,-4.195524278239969
469,TikTok,,Campaign,74477.53,32353.849171784783,42123.68082821522
666,WhatsApp,,ThankYou,0.0,32.25062825625286,-32.25062825625286
743,YouTube,,Campaign,0.0,6.505766837631042,-6.505766837631042
628,Facebook,,ImpactStory,8343.55,8824.020197425925,-480.470197425926
522,TikTok,,EventPromotion,6058.96,2553.955397025608,3505.004602974392
277,YouTube,,EducationalContent,1068.37,658.2622470415205,410.1077529584794
22,LinkedIn,,ThankYou,0.0,-0.4874927854828826,0.4874927854828826
795,WhatsApp,,Campaign,34539.87,27194.19268157208,7345.677318427923
185,Facebook,,Campaign,2970.22,1828.148452900758,1142.0715470992418
314,Twitter,,ImpactStory,33105.08,16160.103066662841,16944.97693333716
365,TikTok,,ThankYou,0.0,0.573749455669508,-0.573749455669508
421,YouTube,Year-End Hope,FundraisingAppeal,9808.48,13351.685980843802,-3543.2059808438025
500,LinkedIn,Year-End Hope,ThankYou,9851.87,3859.264572758577,5992.605427241424
408,LinkedIn,Year-End Hope,ImpactStory,52234.38,31681.07831426669,20553.301685733306
402,Instagram,GivingTuesday,ImpactStory,5319.69,11167.725753576171,-5848.035753576171
503,Facebook,Year-End Hope,ImpactStory,479011.64,214881.99417439554,264129.64582560444
426,Facebook,Year-End Hope,EventPromotion,5953.88,1826.3938650133814,4127.486134986619
320,YouTube,GivingTuesday,Campaign,118913.88,14014.29795556693,104899.58204443307
726,Facebook,Year-End Hope,Campaign,41443.11,16234.50921881927,25208.60078118073
336,LinkedIn,GivingTuesday,EventPromotion,0.0,0.15280813361560608,-0.15280813361560608
195,Twitter,GivingTuesday,ImpactStory,156792.56,61537.389975778475,95255.17002422153
276,Twitter,Year-End Hope,EducationalContent,7787.73,1461.734921889058,6325.995078110942
576,LinkedIn,,EducationalContent,0.0,-0.788493344015627,0.788493344015627
677,Instagram,Year-End Hope,EducationalContent,0.0,0.7582420689052776,-0.7582420689052776
499,TikTok,Year-End Hope,EventPromotion,6245.64,2224.1364400089283,4021.503559991072
531,Facebook,Year-End Hope,ImpactStory,39433.05,20677.13452257287,18755.915477427134
275,Facebook,Year-End Hope,ThankYou,0.0,0.33349065434901903,-0.33349065434901903
105,WhatsApp,,Campaign,34265.62,91214.92868927731,-56949.308689277306
364,Twitter,Year-End Hope,ImpactStory,8715.27,3564.475576806029,5150.794423193971
188,Facebook,,ImpactStory,69585.27,52234.00348086101,17351.266519138997
403,Instagram,Year-End Hope,ThankYou,0.0,0.8829384609194497,-0.8829384609194497
351,Instagram,,EventPromotion,0.0,30.730557281862687,-30.730557281862687
87,Twitter,Year-End Hope,EventPromotion,0.0,-0.7148845961905986,0.7148845961905986
654,WhatsApp,,FundraisingAppeal,69843.04,57882.97959021394,11960.060409786056
437,Twitter,,EducationalContent,2432.66,820.9741157818834,1611.6858842181164
359,WhatsApp,Year-End Hope,ImpactStory,249795.92,95395.84020962368,154400.07979037633
635,Facebook,Year-End Hope,ThankYou,0.0,11.653093178434403,-11.653093178434403
345,Facebook,,Campaign,23284.37,849.8435022182739,22434.526497781724
627,TikTok,Year-End Hope,Campaign,18997.09,65834.36370138984,-46837.273701389844
198,Twitter,,FundraisingAppeal,7813.68,3971.795092535228,3841.8849074647724
109,WhatsApp,,Campaign,4581.25,1855.9784156908331,2725.271584309167
673,Instagram,,ThankYou,4990.54,437.69651743667345,4552.843482563327
353,Instagram,Year-End Hope,Campaign,5737.67,164.3436028619922,5573.326397138007
619,LinkedIn,Year-End Hope,ThankYou,13369.98,3658.8930586980237,9711.086941301975
61,TikTok,,Campaign,92695.63,13360.472127973777,79335.15787202623
290,Facebook,,Campaign,46608.61,12585.681187525008,34022.928812474995
784,Twitter,Year-End Hope,ThankYou,0.0,5.404199480803299,-5.404199480803299
771,TikTok,,FundraisingAppeal,16589.38,632.7490804405792,15956.630919559422
603,WhatsApp,,ImpactStory,24754.16,4889.070617897834,19865.089382102167
699,LinkedIn,,EducationalContent,0.0,-0.07015682556363155,0.07015682556363155
304,LinkedIn,Year-End Hope,ImpactStory,204106.63,78854.53490791042,125252.09509208958
801,Facebook,,ThankYou,0.0,1.9889128834715626,-1.9889128834715626
702,Instagram,Year-End Hope,ImpactStory,25888.3,20674.091918636197,5214.208081363802
193,YouTube,Year-End Hope,Campaign,31108.37,35986.55462612516,-4878.184626125159
285,Facebook,,ThankYou,0.0,-0.4877782886720163,0.4877782886720163
152,Facebook,,ImpactStory,32593.29,28811.427435522073,3781.8625644779277
615,Twitter,,ImpactStory,0.0,56.56153205213145,-56.56153205213145
716,Facebook,,ImpactStory,12319.53,15509.369678807889,-3189.839678807888
809,WhatsApp,,EventPromotion,0.0,0.7541528951601122,-0.7541528951601122
630,LinkedIn,,ImpactStory,0.0,30.134075638274528,-30.134075638274528
172,Twitter,,EventPromotion,1522.41,249.65274187283114,1272.7572581271688
137,TikTok,,ImpactStory,17031.87,20730.890345179498,-3699.0203451794987
614,Instagram,,Campaign,70748.97,4202.658688434291,66546.3113115657
254,LinkedIn,,EventPromotion,0.0,0.8267724338473801,-0.8267724338473801
584,YouTube,,EventPromotion,42139.48,53319.39489096668,-11179.914890966676
690,TikTok,,Campaign,52030.19,9629.032983577566,42401.15701642244
110,Instagram,,EducationalContent,0.0,-0.43256746293188825,0.43256746293188825
465,Twitter,,Campaign,2841.43,409.53024409369897,2431.899755906301
738,Twitter,,EventPromotion,0.0,-0.4324382436657812,0.4324382436657812
263,Facebook,,EventPromotion,14145.1,3913.6318749027973,10231.468125097203
797,Twitter,,EventPromotion,0.0,4.219020523605774,-4.219020523605774
643,Instagram,,Campaign,52746.01,17472.913869695796,35273.096130304206
451,Facebook,,EducationalContent,1337.89,308.83014124555496,1029.059858754445
586,Instagram,,EducationalContent,0.0,7.740340243497828,-7.740340243497828
798,WhatsApp,,ThankYou,0.0,1.2179796245250643,-1.2179796245250643
30,Instagram,,EventPromotion,0.0,12.503023652100572,-12.503023652100572
181,WhatsApp,,Campaign,61669.4,38399.09034747955,23270.309652520453
49,Instagram,,Campaign,46822.26,44326.11678926285,2496.143210737151
208,WhatsApp,,ImpactStory,139293.82,66449.13191207984,72844.68808792016
443,Twitter,,FundraisingAppeal,51164.04,6055.757326924417,45108.282673075584
362,TikTok,,ImpactStory,21795.77,38599.753939747694,-16803.983939747694
312,Twitter,,ImpactStory,7116.87,16727.86423075103,-9610.994230751032
638,Twitter,,Campaign,0.0,6.312018548893054,-6.312018548893054
750,Instagram,,EventPromotion,19601.63,1653.0575693016192,17948.572430698383
475,Instagram,,FundraisingAppeal,1146.06,1217.2145312250868,-71.15453122508688
548,Instagram,,Campaign,4160.83,35251.866505386024,-31091.036505386022
383,Instagram,,EducationalContent,19653.7,458.68712388707047,19195.01287611293
301,Instagram,,ImpactStory,50542.09,43562.290566089134,6979.799433910863
98,Twitter,,ImpactStory,6944.4,12747.461619401314,-5803.061619401315
340,TikTok,,FundraisingAppeal,209218.45,111275.87051641973,97942.57948358028
294,Facebook,,ThankYou,0.0,8.279612910624872,-8.279612910624872
519,YouTube,,ImpactStory,373136.92,849295.0322416708,-476158.1122416708
691,WhatsApp,,FundraisingAppeal,129936.53,63990.289439582426,65946.24056041757
471,WhatsApp,,ImpactStory,141758.05,81326.96031315773,60431.08968684226
521,Instagram,,ImpactStory,236721.17,461288.27747373754,-224567.10747373753
352,Instagram,,ImpactStory,147191.88,22870.649018811902,124321.2309811881
189,TikTok,,ImpactStory,89607.61,22838.27522990817,66769.33477009184
315,Facebook,,EducationalContent,19103.03,848.2966201246962,18254.733379875302
75,Instagram,,EducationalContent,0.0,30.895429979337326,-30.895429979337326
127,Facebook,,EducationalContent,0.0,14.014689446366935,-14.014689446366935
710,Facebook,,ImpactStory,12175.39,66854.25629116196,-54678.86629116196
606,Twitter,,Campaign,2045.63,3664.9101557328986,-1619.2801557328985
43,Twitter,,ImpactStory,56396.66,74116.14055755262,-17719.48055755261
206,Instagram,,ThankYou,3423.57,666.3077372917228,2757.2622627082774
279,Facebook,,FundraisingAppeal,2194.67,16136.945770979608,-13942.275770979608
330,Twitter,,EducationalContent,0.0,-0.4333937349044919,0.4333937349044919
538,Facebook,,EducationalContent,0.0,12.539963969141887,-12.539963969141887
71,Facebook,,Campaign,0.0,934.130212006613,-934.130212006613
509,Instagram,,Campaign,4909.76,613.9043489371318,4295.855651062869
393,Instagram,,ImpactStory,122522.92,179521.39880577865,-56998.47880577865
69,Facebook,,EventPromotion,5437.22,536.63291918122,4900.58708081878
542,Twitter,,EventPromotion,0.0,44.76159005034995,-44.76159005034995
215,Facebook,,FundraisingAppeal,32286.86,21014.57121700453,11272.28878299547
647,Twitter,,FundraisingAppeal,3137.82,2259.7491756178947,878.0708243821055
2,TikTok,,ThankYou,0.0,56.86049624150984,-56.86049624150984
237,Facebook,,EducationalContent,3267.15,20.965316936440004,3246.18468306356
213,Facebook,Summer of Safety,EducationalContent,3755.45,106.66941679040129,3648.7805832095987
799,LinkedIn,Summer of Safety,ImpactStory,23140.62,3214.5931124228077,19926.02688757719
349,TikTok,Summer of Safety,EducationalContent,0.0,-0.2751838010230631,0.2751838010230631
146,TikTok,,Campaign,53317.35,72733.32294625412,-19415.97294625412
88,Facebook,Summer of Safety,EventPromotion,0.0,1.9028913886241252,-1.9028913886241252
510,TikTok,,EventPromotion,0.0,1.6229982370584741,-1.6229982370584741
238,Twitter,Summer of Safety,ImpactStory,48126.35,312784.31709581945,-264657.9670958195
493,YouTube,,FundraisingAppeal,48630.97,55158.61074196431,-6527.640741964307
777,Facebook,Summer of Safety,ThankYou,0.0,0.9968465873154195,-0.9968465873154195
246,Facebook,Summer of Safety,ImpactStory,59300.32,60822.20608540032,-1521.8860854003215
515,Twitter,Summer of Safety,ImpactStory,36001.85,38066.97391080672,-2065.123910806724
282,Facebook,,EducationalContent,0.0,-0.8348465024013207,0.8348465024013207
604,TikTok,Summer of Safety,ThankYou,4208.03,326.89883684066837,3881.131163159331
114,TikTok,,ImpactStory,39126.08,46572.498877935395,-7446.4188779353935
420,Facebook,,EducationalContent,0.0,-0.6626034006716053,0.6626034006716053
234,Facebook,Summer of Safety,EventPromotion,0.0,-0.2908248799712186,0.2908248799712186
675,Facebook,Summer of Safety,ImpactStory,113130.36,129120.38822039872,-15990.028220398715
331,WhatsApp,Summer of Safety,ImpactStory,42493.61,22590.645049957922,19902.96495004208
462,WhatsApp,Summer of Safety,EventPromotion,0.0,4.311215645947583,-4.311215645947583
309,Instagram,Summer of Safety,ImpactStory,4351.04,929.9660658709737,3421.0739341290264
730,WhatsApp,,ThankYou,0.0,7.19751257305523,-7.19751257305523
82,Facebook,Summer of Safety,FundraisingAppeal,171236.15,128225.92519492733,43010.22480507266
360,Twitter,Summer of Safety,ThankYou,0.0,-0.462482007459736,0.462482007459736
4,Instagram,,FundraisingAppeal,69911.88,7373.129255607652,62538.75074439235
533,Instagram,,ThankYou,0.0,27.260322361156135,-27.260322361156135
701,Facebook,,EducationalContent,0.0,2.402646560651358,-2.402646560651358
190,YouTube,,ImpactStory,239173.94,259437.11494094788,-20263.17494094788
31,Facebook,Summer of Safety,Campaign,9615.64,46517.23103551166,-36901.59103551166
644,TikTok,Summer of Safety,Campaign,4073.38,8276.744280831419,-4203.364280831419
625,TikTok,Summer of Safety,ImpactStory,232003.02,153103.24309317308,78899.77690682691
594,TikTok,,EducationalContent,0.0,-0.28452534496057935,0.28452534496057935
379,WhatsApp,Summer of Safety,ImpactStory,147513.81,242841.81863401397,-95328.00863401397
488,Facebook,,ImpactStory,113166.72,69076.37088776205,44090.34911223795
191,LinkedIn,Summer of Safety,Campaign,195256.43,6334.075280573762,188922.35471942622
388,Facebook,Summer of Safety,Campaign,33905.89,10770.161603357968,23135.72839664203
124,WhatsApp,Summer of Safety,ImpactStory,66592.79,24409.337490711707,42183.45250928828
697,Instagram,,Campaign,3617.66,8805.698368694135,-5188.038368694135
333,TikTok,,EventPromotion,0.0,15.712920737407543,-15.712920737407543
42,Twitter,Summer of Safety,Campaign,0.0,131.3254283395208,-131.3254283395208
556,Twitter,,ImpactStory,20721.69,30298.93479322255,-9577.244793222551
9,TikTok,,ImpactStory,9383.08,5012.981303802437,4370.098696197563
175,YouTube,Summer of Safety,Campaign,4580.9,479.69279489848464,4101.207205101515
274,TikTok,Summer of Safety,Campaign,14501.08,4909.857637885178,9591.222362114822
118,Twitter,,EventPromotion,4226.52,47.53844168928181,4178.981558310718
650,Facebook,Summer of Safety,ThankYou,0.0,40.23737738424086,-40.23737738424086
224,Facebook,Summer of Safety,Campaign,13229.92,3883.7682464447,9346.1517535553
485,WhatsApp,,EducationalContent,0.0,6.063612512565729,-6.063612512565729
311,WhatsApp,Summer of Safety,ImpactStory,31628.47,983.0055534802225,30645.464446519778
567,Facebook,Summer of Safety,EducationalContent,0.0,0.23824413365997735,-0.23824413365997735
580,WhatsApp,Summer of Safety,ImpactStory,168687.98,174237.93003307923,-5549.950033079222
355,TikTok,,EventPromotion,0.0,-0.10257004627074995,0.10257004627074995
343,WhatsApp,Summer of Safety,ImpactStory,23902.23,53366.10005361467,-29463.870053614668
717,Facebook,,ThankYou,0.0,15.275771654420595,-15.275771654420595
659,Twitter,Summer of Safety,Campaign,0.0,2.8804725648413942,-2.8804725648413942
392,LinkedIn,Back to School,ThankYou,12835.65,797.1436835631113,12038.506316436888
196,LinkedIn,,EducationalContent,45368.15,3210.17696882013,42157.97303117987
572,Facebook,,ImpactStory,213659.26,110573.20095872122,103086.05904127879
377,Instagram,Back to School,EventPromotion,15197.13,534.711088854523,14662.418911145476
344,Facebook,Back to School,EventPromotion,2005.45,547.0695981644898,1458.3804018355104
555,Instagram,Back to School,EventPromotion,2490.32,129.52471468389066,2360.7952853161096
415,YouTube,,EducationalContent,0.0,0.4715564199864514,-0.4715564199864514
662,Facebook,,ImpactStory,166734.29,122527.05528762832,44207.23471237169
724,Facebook,,ThankYou,0.0,-0.3731965146601686,0.3731965146601686
361,YouTube,,ThankYou,2295.74,30.184749383837644,2265.555250616162
804,Instagram,Back to School,ImpactStory,7605.57,17707.636468033255,-10102.066468033256
646,Instagram,,ImpactStory,16186.4,9943.660086590015,6242.739913409985
298,Instagram,,EventPromotion,1109.11,44.678016196673305,1064.4319838033266
703,Facebook,,ImpactStory,59455.17,39386.01349231569,20069.15650768431
177,Twitter,,ThankYou,0.0,1.7673724401679838,-1.7673724401679838
791,Facebook,Back to School,ImpactStory,6618.65,6373.71463283539,244.9353671646095
669,WhatsApp,,EducationalContent,3099.28,131.05450822534004,2968.22549177466
122,YouTube,,EducationalContent,4016.96,2645.128298825838,1371.831701174162
400,Facebook,,EducationalContent,0.0,-0.3807728433427711,0.3807728433427711
786,YouTube,Back to School,EventPromotion,0.0,6.465396059211481,-6.465396059211481
261,Twitter,Back to School,FundraisingAppeal,8987.98,3674.319224467388,5313.660775532611
139,Instagram,Back to School,Campaign,60074.77,41565.48381985088,18509.286180149116
409,Facebook,,ThankYou,0.0,-0.5176910797566153,0.5176910797566153
620,Facebook,Back to School,ImpactStory,12795.88,136146.9693774768,-123351.0893774768
756,Instagram,,ImpactStory,18971.09,7441.9528839427485,11529.137116057253
194,YouTube,,ImpactStory,11575.23,16419.621717734262,-4844.391717734263
15,Facebook,,FundraisingAppeal,12083.44,4475.491497024921,7607.9485029750795
723,Facebook,Back to School,ImpactStory,40881.39,196081.29463372612,-155199.9046337261
438,LinkedIn,Back to School,ImpactStory,33408.13,24481.05638053866,8927.073619461338
203,Facebook,,EventPromotion,0.0,0.11177039586608414,-0.11177039586608414
593,Twitter,Back to School,ImpactStory,0.0,8.466458477272843,-8.466458477272843
473,Instagram,,EventPromotion,0.0,3.7121100041083697,-3.7121100041083697
170,Instagram,,EventPromotion,4815.53,206.26701998846295,4609.2629800115365
561,Instagram,Back to School,FundraisingAppeal,19243.95,32052.239481373577,-12808.289481373577
144,Facebook,Back to School,ImpactStory,27359.27,5374.051814222225,21985.218185777776
680,WhatsApp,,ThankYou,0.0,0.30461979790688826,-0.30461979790688826
104,Twitter,,EducationalContent,0.0,0.15700538845939904,-0.15700538845939904
446,Instagram,Back to School,EventPromotion,2809.13,156.22551079093844,2652.9044892090615
390,TikTok,,Campaign,10305.57,10455.679062334384,-150.10906233438436
260,LinkedIn,Back to School,ThankYou,0.0,1.0535872265391544,-1.0535872265391544
174,WhatsApp,Back to School,EducationalContent,4798.83,5030.871082150322,-232.04108215032193
478,LinkedIn,,EventPromotion,0.0,0.9165698677190564,-0.9165698677190564
264,TikTok,Back to School,EducationalContent,6182.35,971.8732649600674,5210.4767350399325
168,YouTube,Back to School,ImpactStory,172208.96,126254.21840299951,45954.74159700048
62,LinkedIn,,EducationalContent,0.0,8.304107498037347,-8.304107498037347
692,Twitter,,ImpactStory,17486.05,11941.054249765928,5544.995750234071
609,YouTube,Back to School,ImpactStory,30758.59,5985.4662028936145,24773.123797106386
712,LinkedIn,,EducationalContent,0.0,5.559391899989153,-5.559391899989153
6,YouTube,Back to School,EventPromotion,0.0,3.845352258803083,-3.845352258803083
667,Facebook,,ImpactStory,22072.01,134342.7896857792,-112270.7796857792
598,WhatsApp,,EventPromotion,0.0,-0.7805752850425435,0.7805752850425435
80,Instagram,,EducationalContent,566.81,63.162279197681585,503.64772080231836
231,Instagram,,EventPromotion,0.0,0.8409480163588698,-0.8409480163588698
563,Instagram,,Campaign,332704.56,66576.21267786199,266128.347322138
573,Instagram,,ThankYou,620.58,197.37100247483178,423.20899752516823
489,Instagram,,ImpactStory,25287.75,2850.4312667278955,22437.318733272106
12,Twitter,,FundraisingAppeal,4476.96,9364.113137461412,-4887.153137461412
715,LinkedIn,,ThankYou,0.0,0.6752238771748218,-0.6752238771748218
341,TikTok,,EventPromotion,5910.54,6660.033769776105,-749.4937697761052
227,Facebook,,EducationalContent,0.0,2.0855577071032316,-2.0855577071032316
454,Instagram,,Campaign,35100.44,49474.057361896215,-14373.617361896213
722,Twitter,,EventPromotion,1292.03,279.711209999044,1012.3187900009559
350,LinkedIn,,EventPromotion,0.0,-0.15953996745886526,0.15953996745886526
40,TikTok,,Campaign,12476.39,3748.9006407305797,8727.48935926942
693,LinkedIn,,EventPromotion,19726.24,3724.6809770053574,16001.559022994645
391,Facebook,,ImpactStory,16847.69,87590.7250092587,-70743.0350092587
545,Facebook,,ImpactStory,29285.92,30799.916443178026,-1513.9964431780281
562,TikTok,,ThankYou,808.93,93.29709905118122,715.6329009488187
587,WhatsApp,,ThankYou,0.0,8.505849481332953,-8.505849481332953
535,Instagram,,ThankYou,0.0,12.959582974876195,-12.959582974876195
145,Twitter,,FundraisingAppeal,0.0,3.007110812439514,-3.007110812439514
549,Facebook,,EducationalContent,0.0,26.886128990131127,-26.886128990131127
209,Instagram,,Campaign,33793.64,3405.441423866349,30388.19857613365
406,YouTube,,ImpactStory,34865.25,64914.15678627826,-30048.90678627826
125,YouTube,,ImpactStory,228690.21,1082064.2888833792,-853374.0788833792
35,Facebook,,ThankYou,0.0,3.831649696496676,-3.831649696496676
564,LinkedIn,,Campaign,0.0,15.795912309088973,-15.795912309088973
780,Facebook,,EducationalContent,0.0,56.38690286896468,-56.38690286896468
719,Facebook,,Campaign,2584.46,937.0128136929054,1647.4471863070946
322,Facebook,,EventPromotion,0.0,27.467774288736948,-27.467774288736948
566,Twitter,,ImpactStory,15855.89,5133.568136098257,10722.321863901743
618,Instagram,,EducationalContent,0.0,-0.7710685567534152,0.7710685567534152
641,Twitter,,EducationalContent,0.0,2.008637767643892,-2.008637767643892
96,Instagram,,FundraisingAppeal,15655.88,33616.23244169432,-17960.352441694326
53,TikTok,,ImpactStory,74877.1,155967.29524911722,-81090.19524911721
759,TikTok,,ImpactStory,298264.28,247986.9765641594,50277.303435840615
106,YouTube,,ImpactStory,24626.18,6844.075004141462,17782.10499585854
411,Instagram,,EventPromotion,2248.82,227.5902466994437,2021.2297533005565
506,Facebook,,EducationalContent,0.0,39.95749651273451,-39.95749651273451
684,LinkedIn,,Campaign,70936.76,4664.2244317311215,66272.53556826887
547,Facebook,,ImpactStory,0.0,35.29001287672615,-35.29001287672615
642,Facebook,,Campaign,8213.05,9089.89303959674,-876.8430395967407
559,Instagram,,Campaign,3869.77,9207.748281516988,-5337.978281516987
787,LinkedIn,,EventPromotion,0.0,-0.3992230221426268,0.3992230221426268
370,TikTok,,EducationalContent,0.0,-0.184404972185264,0.184404972185264
48,LinkedIn,,Campaign,0.0,0.8171230732724337,-0.8171230732724337
211,Facebook,,ImpactStory,808353.61,422222.6598567488,386130.95014325116
682,TikTok,,ImpactStory,18012.31,67797.96100668838,-49785.65100668838
589,WhatsApp,,ThankYou,8737.1,1100.0423639344756,7637.057636065525
613,Twitter,,Campaign,2886.92,951.2424597840943,1935.6775402159058
708,Facebook,,ThankYou,4770.75,326.6145600575994,4444.135439942401
278,TikTok,,EducationalContent,0.0,1.4070895817192755,-1.4070895817192755
265,Instagram,,EventPromotion,0.0,7.277157258178537,-7.277157258178537
658,YouTube,,EventPromotion,0.0,13.707965704092635,-13.707965704092635
63,YouTube,,EventPromotion,0.0,1.3783656648700027,-1.3783656648700027
33,WhatsApp,,Campaign,5982.28,1421.0524838350004,4561.2275161649995
560,Facebook,,EducationalContent,609.26,376.7589083733596,232.5010916266404
779,WhatsApp,,ImpactStory,138971.66,385062.50509669044,-246090.84509669043
295,Facebook,,FundraisingAppeal,5141.96,4889.969182823242,251.99081717675836
387,WhatsApp,Year-End Hope,ThankYou,12093.99,894.8515563852246,11199.138443614775
327,Twitter,GivingTuesday,EducationalContent,0.0,-0.08224167777817604,0.08224167777817604
424,LinkedIn,Year-End Hope,ThankYou,26962.14,3298.19205072844,23663.947949271558
496,WhatsApp,Year-End Hope,ThankYou,1129.71,759.8977223885796,369.8122776114204
453,Twitter,Year-End Hope,Campaign,3405.94,1840.14357026607,1565.7964297339302
783,LinkedIn,GivingTuesday,Campaign,141767.25,24693.768274618633,117073.48172538137
258,Instagram,Year-End Hope,Campaign,17859.21,49270.302985585055,-31411.092985585055
626,LinkedIn,,ImpactStory,6413.73,2928.2080756387536,3485.521924361246
558,Facebook,Year-End Hope,EventPromotion,0.0,-0.13460932117004681,0.13460932117004681
671,YouTube,GivingTuesday,ImpactStory,191619.36,76572.05007733399,115047.309922666
652,LinkedIn,GivingTuesday,ImpactStory,555828.12,168802.5652588132,387025.5547411868
165,TikTok,Year-End Hope,Campaign,326877.68,546273.2277272085,-219395.54772720853
179,Twitter,Year-End Hope,ImpactStory,20365.68,14166.867048680871,6198.812951319129
602,Twitter,GivingTuesday,ImpactStory,7389.56,11251.15068977776,-3861.5906897777595
463,Twitter,GivingTuesday,ImpactStory,42961.32,12457.210204404175,30504.109795595825
259,WhatsApp,Year-End Hope,ImpactStory,23730.34,52846.9010883786,-29116.561088378603
720,WhatsApp,,ImpactStory,293559.59,140686.82323042495,152872.76676957507
335,TikTok,Year-End Hope,ImpactStory,51888.29,296701.4104550948,-244813.12045509482
532,YouTube,Year-End Hope,ImpactStory,108595.54,143176.63902856692,-34581.099028566925
23,WhatsApp,GivingTuesday,EducationalContent,0.0,1.2713898397716044,-1.2713898397716044
468,Facebook,Year-End Hope,ImpactStory,100060.33,104584.9974106795,-4524.667410679496
253,WhatsApp,Year-End Hope,EventPromotion,0.0,0.19803974005745456,-0.19803974005745456
565,YouTube,Year-End Hope,EducationalContent,8380.34,2629.672584401753,5750.667415598247
754,YouTube,Year-End Hope,ThankYou,28386.54,34218.28337378233,-5831.74337378233
102,Twitter,,EventPromotion,0.0,-0.098940931740551,0.098940931740551
266,WhatsApp,GivingTuesday,ImpactStory,2402435.96,1730211.3220198422,672224.6379801577
449,YouTube,GivingTuesday,FundraisingAppeal,236730.39,76497.16391074452,160233.22608925548
358,Twitter,Year-End Hope,FundraisingAppeal,13763.63,5088.93415796556,8674.695842034438
432,Facebook,GivingTuesday,ThankYou,0.0,3.680029565423533,-3.680029565423533
430,Facebook,,EventPromotion,0.0,2.760821431293209,-2.760821431293209
160,YouTube,Year-End Hope,Campaign,0.0,3.887311576380741,-3.887311576380741
381,Twitter,Year-End Hope,Campaign,12659.03,22470.111281910897,-9811.081281910896
427,Facebook,,EducationalContent,0.0,10.416844561115573,-10.416844561115573
1,YouTube,,EducationalContent,0.0,7.025923661878593,-7.025923661878593
52,Instagram,,EducationalContent,0.0,5.760240737649824,-5.760240737649824
132,LinkedIn,Year-End Hope,FundraisingAppeal,31707.99,19982.7044956781,11725.285504321902
284,Twitter,,ImpactStory,19326.59,16591.30034669797,2735.2896533020285
605,Facebook,Year-End Hope,ImpactStory,205667.86,299521.45712756435,-93853.59712756437
94,Facebook,Year-End Hope,EventPromotion,0.0,-0.8301527013282864,0.8301527013282864
410,Facebook,Year-End Hope,Campaign,8110.85,12668.386757322309,-4557.536757322308
164,Facebook,,Campaign,3424.85,757.7574969170528,2667.092503082947
590,Instagram,Year-End Hope,EventPromotion,2259.35,445.6154570923882,1813.7345429076117
579,TikTok,,EventPromotion,0.0,2.9754000283482287,-2.9754000283482287
781,LinkedIn,,Campaign,6583.42,802.5992142838468,5780.820785716153
117,Instagram,Year-End Hope,EventPromotion,5847.06,2033.4898462429367,3813.570153757064
461,WhatsApp,,ImpactStory,83692.08,44248.4091541796,39443.6708458204
490,Instagram,Year-End Hope,ImpactStory,44490.46,170708.65204258816,-126218.19204258817
18,Facebook,Year-End Hope,ImpactStory,34930.74,30548.260659050567,4382.4793409494305
76,Facebook,,EventPromotion,0.0,-0.6102911659943963,0.6102911659943963
599,Twitter,,EventPromotion,0.0,4.954665105683346,-4.954665105683346
709,Facebook,,ImpactStory,7911.98,22814.367314847223,-14902.387314847223
418,Facebook,,EventPromotion,0.0,0.1550621976623551,-0.1550621976623551
385,TikTok,,ThankYou,9857.53,7336.479257508088,2521.0507424919124
713,LinkedIn,,Campaign,18102.17,7754.980627154234,10347.189372845765
765,TikTok,,ImpactStory,1148927.49,1049534.3534545102,99393.13654548978
269,TikTok,,Campaign,62017.17,35910.350877999444,26106.819122000554
492,LinkedIn,,Campaign,41871.09,312.95152554490994,41558.13847445509
645,YouTube,,Campaign,117894.1,76649.4211686228,41244.67883137721
356,LinkedIn,,ThankYou,0.0,0.9646498782569852,-0.9646498782569852
334,Instagram,,ImpactStory,90356.95,33165.36285334964,57191.58714665036
768,Facebook,,FundraisingAppeal,3552.43,1472.7170524535886,2079.712947546411
236,YouTube,,ThankYou,7567.03,1425.4022284732366,6141.627771526763
778,Instagram,,Campaign,6479.72,27821.38387970259,-21341.663879702588
291,Facebook,,ThankYou,2872.07,145.3316939047705,2726.7383060952297
434,Instagram,,EventPromotion,0.0,20.117128509348213,-20.117128509348213
810,Twitter,,EducationalContent,0.0,8.86498673888911,-8.86498673888911
663,Facebook,,EventPromotion,0.0,6.213504282829749,-6.213504282829749
173,TikTok,,FundraisingAppeal,81469.23,125442.90930056798,-43973.67930056798
504,YouTube,,FundraisingAppeal,1185.4,3476.8103948760977,-2291.4103948760976
735,Twitter,,EventPromotion,0.0,37.2146185848591,-37.2146185848591
447,TikTok,,Campaign,0.0,4.923988180119382,-4.923988180119382
796,Twitter,,Campaign,7216.5,836.270665106019,6380.229334893981
7,Instagram,,ThankYou,3763.66,265.81471023491844,3497.8452897650814
600,Instagram,,EventPromotion,4294.43,514.3094483825289,3780.1205516174714
25,LinkedIn,,FundraisingAppeal,22050.31,12283.554630325922,9766.75536967408
128,WhatsApp,,FundraisingAppeal,4737.82,1040.331426078054,3697.4885739219458
623,Facebook,,ThankYou,0.0,8.579626875722148,-8.579626875722148
367,YouTube,,Campaign,4634.25,2567.9898112841834,2066.2601887158166
413,Instagram,,Campaign,68874.42,11780.868340378704,57093.5516596213
220,Facebook,,EventPromotion,0.0,4.2736736988028765,-4.2736736988028765
384,TikTok,,FundraisingAppeal,197505.73,70782.80490602915,126722.92509397086
332,Facebook,,FundraisingAppeal,3200.54,279.87574442568064,2920.664255574319
66,Facebook,,ThankYou,0.0,-0.23427143912985227,0.23427143912985227
423,Twitter,,ImpactStory,4463.68,1241.4950192348638,3222.1849807651365
636,Facebook,,Campaign,4461.1,11002.152582746608,-6541.052582746608
339,Instagram,,Campaign,0.0,975.6339332209825,-975.6339332209825
133,YouTube,,FundraisingAppeal,17117.42,4718.99452025394,12398.425479746058
21,Instagram,,ThankYou,1663.19,187.2401645146952,1475.949835485305
111,Instagram,,Campaign,1234.17,7010.191218706619,-5776.021218706619
14,YouTube,,ImpactStory,10319.38,32323.625397631324,-22004.245397631326
728,LinkedIn,,EducationalContent,0.0,-0.38263789128989123,0.38263789128989123
205,Twitter,,FundraisingAppeal,0.0,53.01656956277753,-53.01656956277753
404,Twitter,,ImpactStory,30055.99,15473.529579298589,14582.460420701413
268,WhatsApp,,EventPromotion,0.0,1.2828092218289422,-1.2828092218289422
622,Instagram,,Campaign,16853.22,23890.958464992695,-7037.7384649926935
270,TikTok,,FundraisingAppeal,66899.37,30218.784216234577,36680.58578376542
129,TikTok,,Campaign,4900.74,13881.971136832275,-8981.231136832275
141,Facebook,,EducationalContent,4283.56,52.88348630061195,4230.676513699388
472,Twitter,,FundraisingAppeal,4427.77,11113.901081662645,-6686.131081662645
250,Facebook,,ThankYou,4570.12,1399.1612713037196,3170.9587286962806
458,WhatsApp,,Campaign,0.0,0.8176093672668583,-0.8176093672668583
235,Instagram,,ThankYou,0.0,-0.3389485104681863,0.3389485104681863
204,Facebook,,ThankYou,7870.65,1902.440266344313,5968.209733655687
570,YouTube,,EventPromotion,2790.46,199.5368718354237,2590.923128164576
374,YouTube,,Campaign,33740.9,31051.57331083028,2689.3266891697203
407,Twitter,,Campaign,0.0,74.51151112216785,-74.51151112216785
470,Facebook,,FundraisingAppeal,3573.52,2640.432197993898,933.0878020061018
326,Facebook,,ImpactStory,11332.97,20661.2640786623,-9328.294078662302
300,LinkedIn,,ThankYou,0.0,0.6225277170513954,-0.6225277170513954
665,Instagram,,ImpactStory,120932.42,166043.16021057122,-45110.740210571224
242,Instagram,,ImpactStory,84324.62,41133.22091696969,43191.39908303031
435,Facebook,,EducationalContent,0.0,-0.8472688503750663,0.8472688503750663
776,Facebook,,EventPromotion,0.0,-0.504014955895641,0.504014955895641
751,TikTok,,Campaign,17109.25,5930.8413964409565,11178.408603559044
487,Instagram,,EventPromotion,0.0,-0.292616157414082,0.292616157414082
648,Facebook,,FundraisingAppeal,1883.31,8316.931370432,-6433.621370432
386,TikTok,,Campaign,0.0,52.56509203592632,-52.56509203592632
513,Instagram,Summer of Safety,Campaign,0.0,6.8026468563728635,-6.8026468563728635
29,LinkedIn,Summer of Safety,ImpactStory,32716.98,5670.518681189762,27046.461318810238
540,TikTok,,ThankYou,936.39,42.60129355675911,893.7887064432409
151,Twitter,Summer of Safety,EventPromotion,12016.47,5082.652205303644,6933.817794696355
631,Facebook,,ImpactStory,1778.19,2691.604899437185,-913.4148994371849
656,Facebook,Summer of Safety,EventPromotion,0.0,-0.25424010402866826,0.25424010402866826
321,Instagram,,EventPromotion,0.0,12.230579002142978,-12.230579002142978
50,TikTok,Summer of Safety,Campaign,17438.29,10981.906867467935,6456.383132532066
790,Facebook,,EventPromotion,0.0,1.2862963731877404,-1.2862963731877404
123,LinkedIn,Summer of Safety,Campaign,0.0,5.842907089459759,-5.842907089459759
199,Instagram,Summer of Safety,Campaign,0.0,3.49228963934625,-3.49228963934625
752,Twitter,,ThankYou,0.0,0.03471317003011892,-0.03471317003011892
101,WhatsApp,,Campaign,5801.55,3706.1902363470595,2095.3597636529407
221,YouTube,Summer of Safety,FundraisingAppeal,76132.85,78002.84222334281,-1869.9922233428078
812,Instagram,Summer of Safety,ThankYou,0.0,0.3295513622235902,-0.3295513622235902
428,WhatsApp,,EducationalContent,11474.97,446.6464895968539,11028.323510403145
317,Instagram,Summer of Safety,EducationalContent,0.0,5.419522356596857,-5.419522356596857
742,Facebook,Summer of Safety,Campaign,5489.72,1103.7496659629805,4385.97033403702
397,Instagram,,Campaign,48066.87,23883.673092127687,24183.196907872316
524,YouTube,Summer of Safety,ThankYou,8021.51,1530.9125342647098,6490.597465735291
762,YouTube,,ImpactStory,72173.17,473581.66282329476,-401408.4928232948
395,Facebook,,ThankYou,3159.01,1900.8423556010785,1258.1676443989218
433,TikTok,,ImpactStory,42027.97,31454.841616621117,10573.128383378884
608,Instagram,Summer of Safety,Campaign,18601.95,8226.314010540751,10375.63598945925
273,Instagram,Summer of Safety,ThankYou,0.0,54.88395583810172,-54.88395583810172
156,TikTok,Summer of Safety,Campaign,642.15,9.253766255380866,632.8962337446192
695,Facebook,,Campaign,5628.48,13600.431013551892,-7971.951013551892
737,YouTube,Summer of Safety,EventPromotion,1364.44,139.10067544864154,1225.3393245513585
775,WhatsApp,Summer of Safety,ImpactStory,251175.03,138373.60175222764,112801.42824777236
166,Instagram,,EventPromotion,0.0,1.9628608546481208,-1.9628608546481208
460,Instagram,Summer of Safety,Campaign,1086.03,1326.3158737786785,-240.28587377867848
240,Facebook,Summer of Safety,Campaign,32171.7,24419.409133422945,7752.290866577056
38,YouTube,Summer of Safety,EducationalContent,83863.86,23990.86820075358,59872.99179924642
11,WhatsApp,Summer of Safety,Campaign,0.0,16.354285426608634,-16.354285426608634
126,TikTok,Summer of Safety,ImpactStory,3056.64,1181.1601074450384,1875.4798925549615
595,Twitter,Summer of Safety,Campaign,3274.29,569.6020753349452,2704.6879246650547
518,Facebook,Summer of Safety,Campaign,20440.15,7210.380107587904,13229.769892412098
452,Instagram,,EducationalContent,1511.92,185.0636662306118,1326.8563337693884
585,Facebook,,ImpactStory,82656.47,127266.26535795964,-44609.795357959636
5,LinkedIn,,ImpactStory,4290.39,317.57659764944304,3972.813402350557
180,Instagram,,ImpactStory,214655.68,281374.2905204415,-66718.61052044149
97,LinkedIn,,ThankYou,0.0,2.932672072577877,-2.932672072577877
64,Instagram,,ImpactStory,1226.78,3628.515905407801,-2401.7359054078006
464,Instagram,Back to School,EducationalContent,34481.8,16227.53923742006,18254.260762579943
161,YouTube,Back to School,ThankYou,0.0,2.523417212046213,-2.523417212046213
417,Instagram,Back to School,ThankYou,0.0,8.396580922817552,-8.396580922817552
230,Twitter,,ImpactStory,216950.79,42858.22920726626,174092.56079273374
329,Twitter,Back to School,EventPromotion,0.0,4.086213378943458,-4.086213378943458
68,TikTok,Back to School,ImpactStory,102779.32,166101.08493661584,-63321.76493661583
744,WhatsApp,Back to School,ImpactStory,74217.74,43795.237448750304,30422.5025512497
99,WhatsApp,Back to School,ImpactStory,0.0,6.703912085850214,-6.703912085850214
85,Facebook,Back to School,EventPromotion,0.0,1.1755157582462932,-1.1755157582462932
550,Facebook,Back to School,EventPromotion,2028.35,119.56903495861819,1908.7809650413817
223,TikTok,Back to School,EventPromotion,26793.54,2072.7191694659864,24720.820830534016
293,Facebook,Back to School,Campaign,75922.51,25344.961605034314,50577.54839496568
163,Instagram,,Campaign,9982.37,107.18349990179156,9875.186500098209
414,WhatsApp,Back to School,ImpactStory,0.0,6.848350441186448,-6.848350441186448
747,Instagram,,EducationalContent,0.0,7.542343713793363,-7.542343713793363
571,Instagram,Back to School,Campaign,12385.65,13316.127607204899,-930.477607204899
202,Twitter,Back to School,EventPromotion,0.0,2.261132539157764,-2.261132539157764
378,YouTube,,EventPromotion,0.0,0.2891882565967651,-0.2891882565967651
448,Facebook,Back to School,Campaign,21324.41,2306.7988039843262,19017.611196015674
592,Instagram,,ImpactStory,109113.87,59054.94422324054,50058.92577675945
574,LinkedIn,Back to School,EventPromotion,0.0,40.655835191295765,-40.655835191295765
136,Instagram,Back to School,EducationalContent,3066.37,2960.230461664801,106.13953833519872
588,Facebook,,Campaign,40628.07,5357.956765878663,35270.11323412134
382,Twitter,,Campaign,29960.11,3405.2720119600367,26554.837988039963
248,Twitter,,ThankYou,6999.78,309.848288903742,6689.9317110962575
32,Facebook,,FundraisingAppeal,11335.27,8655.384165352762,2679.885834647239
660,TikTok,,ImpactStory,22476.14,39734.507071797714,-17258.367071797715
494,Instagram,,ImpactStory,73383.23,16888.50368354544,56494.72631645456
764,Facebook,,FundraisingAppeal,35422.2,148823.5402654125,-113401.34026541251
755,Facebook,,ImpactStory,0.0,14.870153795661624,-14.870153795661624
514,Twitter,,EducationalContent,0.0,1.0991835848427982,-1.0991835848427982
130,Instagram,,EventPromotion,0.0,0.435290290061283,-0.435290290061283
700,WhatsApp,,ImpactStory,80761.47,17960.555043901688,62800.91495609831
81,WhatsApp,,EventPromotion,4543.79,232.09719216486766,4311.692807835132
705,TikTok,,EventPromotion,0.0,15.20377890991708,-15.20377890991708
773,YouTube,,Campaign,4492.94,5225.808348916612,-732.8683489166124
158,Instagram,,ThankYou,4750.57,96.14781414418111,4654.4221858558185
140,TikTok,,FundraisingAppeal,36089.79,37855.52465250954,-1765.7346525095418
483,Instagram,,EventPromotion,11716.5,1461.7378284317638,10254.762171568236
216,Twitter,,ImpactStory,0.0,14.334671519714831,-14.334671519714831
19,Twitter,,Campaign,3026.4,409.53741510678026,2616.8625848932197
95,Instagram,,Campaign,16869.78,1681.371744526881,15188.408255473118
539,Twitter,,ImpactStory,14832.17,8814.381746397405,6017.788253602595
575,Instagram,,ThankYou,0.0,67.91996377482512,-67.91996377482512
508,Twitter,,ImpactStory,104887.1,67916.5412412914,36970.558758708605
218,Instagram,,Campaign,3198.65,1295.4896904983775,1903.1603095016226
502,TikTok,,ImpactStory,311938.91,344639.2441360986,-32700.334136098623
302,YouTube,,Campaign,29717.14,57626.78237791343,-27909.642377913427
72,Facebook,,EducationalContent,0.0,-0.1447279899317039,0.1447279899317039
687,Instagram,,FundraisingAppeal,9451.82,4863.043302658537,4588.776697341463
283,LinkedIn,,EducationalContent,0.0,6.400702122716605,-6.400702122716605
803,Facebook,,ThankYou,0.0,1.623663297332608,-1.623663297332608
729,Facebook,,EducationalContent,1896.66,176.75515081463413,1719.904849185366
679,Twitter,,ThankYou,0.0,7.860142547816231,-7.860142547816231
233,LinkedIn,,EducationalContent,0.0,9.374006064704165,-9.374006064704165
793,YouTube,,FundraisingAppeal,40307.89,32002.51201384947,8305.377986150528
316,YouTube,,EducationalContent,9181.27,2286.8104681855484,6894.459531814452
501,Instagram,,ThankYou,3644.91,918.2628224089369,2726.647177591063
543,Facebook,,EventPromotion,0.0,4.908793234362054,-4.908793234362054
546,Instagram,,FundraisingAppeal,59679.37,14604.32599588378,45075.04400411622
805,TikTok,,FundraisingAppeal,54535.81,72993.6600536792,-18457.850053679198
60,Facebook,,Campaign,14478.1,15649.788975317133,-1171.6889753171326
346,WhatsApp,,Campaign,4595.01,1303.5422269060448,3291.4677730939557
366,TikTok,,ThankYou,10232.07,530.7670471353659,9701.302952864633
147,Facebook,,EventPromotion,0.0,15.548428414725525,-15.548428414725525
674,LinkedIn,,EducationalContent,0.0,1.3748560301086328,-1.3748560301086328
56,LinkedIn,,Campaign,0.0,62.178752541421744,-62.178752541421744
583,Twitter,,EventPromotion,5408.85,335.9204689385919,5072.929531061409
286,LinkedIn,,ImpactStory,0.0,32.479121677524304,-32.479121677524304
272,Facebook,,FundraisingAppeal,0.0,6.0334240121781875,-6.0334240121781875
536,Facebook,,ImpactStory,12688.73,4703.488552456291,7985.241447543709
376,Instagram,,ImpactStory,9272.57,826.1233886917477,8446.446611308253
176,YouTube,,ImpactStory,309082.5,97348.22955966486,211734.27044033515
74,Facebook,,FundraisingAppeal,45013.32,11654.706902065205,33358.613097934794
155,LinkedIn,,ThankYou,0.0,2.1395113496380413,-2.1395113496380413
731,Twitter,,ImpactStory,12049.65,22818.97861197905,-10769.328611979052
534,Instagram,,Campaign,21195.75,75541.27008716144,-54345.520087161436
753,Instagram,,Campaign,0.0,233.79288995928312,-233.79288995928312
252,LinkedIn,,Campaign,0.0,0.8311517594110192,-0.8311517594110192
611,Instagram,,EducationalContent,0.0,7.288748289731501,-7.288748289731501
83,YouTube,,EducationalContent,11713.29,7279.08365375585,4434.206346244151
201,LinkedIn,,ThankYou,0.0,2.703060663942144,-2.703060663942144
36,Facebook,,EducationalContent,1698.35,261.7389417427518,1436.611058257248
442,TikTok,,ImpactStory,76648.93,35455.04882071994,41193.881179280055
58,WhatsApp,,ImpactStory,306434.93,121381.35715203204,185053.57284796797
459,WhatsApp,,Campaign,0.0,5.243983869038969,-5.243983869038969
544,Facebook,Year-End Hope,ThankYou,8834.04,6977.791468784248,1856.2485312157532
394,Twitter,GivingTuesday,EventPromotion,0.0,4.554624501354676,-4.554624501354676
267,YouTube,,EventPromotion,0.0,1.2325976376119767,-1.2325976376119767
668,Instagram,,FundraisingAppeal,0.0,14.9570994704643,-14.9570994704643
307,Facebook,,EducationalContent,0.0,26.717638618968575,-26.717638618968575
347,Instagram,GivingTuesday,ImpactStory,99467.32,344276.75193396246,-244809.43193396245
740,WhatsApp,Year-End Hope,ImpactStory,121665.48,293145.2947642387,-171479.81476423872
67,Facebook,,ImpactStory,300026.98,108448.16317270287,191578.8168272971
27,Instagram,Year-End Hope,EventPromotion,15689.17,3125.1710580969243,12563.998941903075
601,Twitter,Year-End Hope,ThankYou,0.0,0.08601874573115907,-0.08601874573115907
698,WhatsApp,GivingTuesday,EventPromotion,0.0,0.3031985286498685,-0.3031985286498685
725,Facebook,GivingTuesday,Campaign,4291.87,789.7036990166764,3502.1663009833237
120,TikTok,GivingTuesday,Campaign,16232.01,6959.792494637133,9272.217505362867
686,Facebook,GivingTuesday,ImpactStory,98265.6,89159.79741201023,9105.802587989776
591,Instagram,Year-End Hope,EducationalContent,0.0,3.4865681900681116,-3.4865681900681116
113,TikTok,Year-End Hope,FundraisingAppeal,0.0,0.7474821559481963,-0.7474821559481963
200,Facebook,,ImpactStory,331983.26,49878.62144284732,282104.6385571527
47,Facebook,,EducationalContent,0.0,13.888839051344789,-13.888839051344789
271,Twitter,GivingTuesday,EducationalContent,0.0,30.22274183222689,-30.22274183222689
653,YouTube,GivingTuesday,ImpactStory,7485.19,3181.483224131424,4303.706775868575
348,YouTube,Year-End Hope,EventPromotion,0.0,5.9895448213586056,-5.9895448213586056
774,Facebook,Year-End Hope,ThankYou,1109.52,428.20267545860503,681.317324541395
398,WhatsApp,Year-End Hope,Campaign,17958.19,27347.689483942177,-9389.499483942178
624,Facebook,Year-End Hope,ThankYou,0.0,-0.37901219233464345,0.37901219233464345
39,Instagram,Year-End Hope,ImpactStory,45343.2,334594.9471639415,-289251.7471639415
183,Facebook,,EducationalContent,637.53,78.03608901225746,559.4939109877425
44,YouTube,Year-End Hope,FundraisingAppeal,73449.82,76015.94464818812,-2566.12464818811
399,Twitter,,EventPromotion,3793.24,751.4402697312842,3041.7997302687154
497,WhatsApp,Year-End Hope,Campaign,319382.55,357958.77211051487,-38576.22211051488
77,LinkedIn,Year-End Hope,ThankYou,43618.19,28672.729262313944,14945.460737686059
369,Facebook,Year-End Hope,EducationalContent,2276.85,643.8765398268562,1632.9734601731438
289,TikTok,,FundraisingAppeal,30722.78,115379.27765382474,-84656.49765382474
439,LinkedIn,,ImpactStory,40829.15,88819.7465319413,-47990.5965319413
569,TikTok,,FundraisingAppeal,0.0,1.197832951153393,-1.197832951153393
629,Facebook,Year-End Hope,Campaign,12257.38,38001.52658914407,-25744.146589144075
228,Facebook,,ImpactStory,137490.28,90599.07902432796,46891.200975672036
89,LinkedIn,Year-End Hope,Campaign,37265.09,40406.830641100445,-3141.7406411004486
310,Facebook,Year-End Hope,ThankYou,1130.77,2603.62088743058,-1472.8508874305799
232,Twitter,Year-End Hope,FundraisingAppeal,11067.91,1939.3084773223732,9128.601522677627
187,TikTok,Year-End Hope,ImpactStory,250326.5,1074212.3830141125,-823885.8830141125
766,Facebook,Year-End Hope,FundraisingAppeal,0.0,3.7807714946945925,-3.7807714946945925
281,TikTok,Year-End Hope,ImpactStory,97677.53,165769.5250060819,-68091.99500608191
676,Facebook,,ThankYou,0.0,1.9319008767457553,-1.9319008767457553
41,Facebook,Year-End Hope,ThankYou,1109.49,479.70173062114884,629.7882693788512
219,LinkedIn,,EventPromotion,20158.65,1880.0079063452968,18278.642093654704
633,Facebook,,ThankYou,0.0,1.1899124259668508,-1.1899124259668508
422,YouTube,,ImpactStory,180579.1,259105.53337005834,-78526.43337005834
450,Instagram,,ImpactStory,230195.28,246351.29764365524,-16156.017643655243
107,TikTok,,EducationalContent,0.0,6.994521956013673,-6.994521956013673
456,Instagram,,EducationalContent,0.0,7.098863041532015,-7.098863041532015
20,Instagram,,EventPromotion,0.0,6.6227598953352524,-6.6227598953352524
217,Facebook,,ImpactStory,51741.59,52380.676517296975,-639.0865172969789
707,Twitter,,EducationalContent,0.0,1.3500418901363536,-1.3500418901363536
396,Facebook,,EducationalContent,0.0,0.7131793457711515,-0.7131793457711515
325,Facebook,,ImpactStory,25119.96,20842.531558022893,4277.428441977107
782,Twitter,,FundraisingAppeal,43888.15,5633.292507080084,38254.85749291992
651,YouTube,,EventPromotion,2521.9,1084.2605326042265,1437.6394673957736
375,Instagram,,Campaign,0.0,0.31506938475797386,-0.31506938475797386
596,LinkedIn,,ThankYou,0.0,4.617045023089367,-4.617045023089367
239,Twitter,,EducationalContent,0.0,-0.5455016844716494,0.5455016844716494
526,Facebook,,ThankYou,0.0,2.636828320483814,-2.636828320483814
685,Twitter,,Campaign,4636.38,4878.995061690562,-242.61506169056156
785,WhatsApp,,ImpactStory,144182.61,116508.714662437,27673.89533756298
55,Twitter,,ThankYou,2815.0,59.6112433894842,2755.388756610516
745,Instagram,,ImpactStory,9738.59,23323.716148090673,-13585.126148090672
138,Facebook,,Campaign,140544.68,68137.01944057747,72407.66055942253
167,Twitter,,ImpactStory,0.0,0.9490172536717671,-0.9490172536717671
541,WhatsApp,,FundraisingAppeal,0.0,48.116715520958536,-48.116715520958536
479,Instagram,,ImpactStory,0.0,15.295356091833241,-15.295356091833241
769,Facebook,,ThankYou,12883.82,514.4071917952642,12369.412808204735
59,Facebook,,ImpactStory,9515.14,17861.848329969827,-8346.708329969828
528,WhatsApp,,ImpactStory,223927.07,121077.93362019194,102849.13637980807
484,Facebook,,Campaign,32818.02,10502.333186714672,22315.686813285327
24,WhatsApp,,ImpactStory,149192.74,26546.43612511457,122646.30387488542
551,Facebook,,EventPromotion,2931.25,639.1298006377612,2292.120199362239
474,LinkedIn,,Campaign,0.0,2.06834546598015,-2.06834546598015
299,WhatsApp,,ThankYou,34553.48,8187.698911120698,26365.781088879306
45,LinkedIn,,Campaign,8785.05,3344.9594430127386,5440.090556987261
171,Twitter,,FundraisingAppeal,19641.92,3433.3458427698097,16208.574157230189
338,Facebook,,ImpactStory,283414.58,252964.50237131884,30450.077628681174
93,TikTok,,FundraisingAppeal,64742.8,92377.56720659362,-27634.76720659362
186,TikTok,,EducationalContent,0.0,0.40875730049971154,-0.40875730049971154
520,Instagram,,EducationalContent,4513.15,78.22252475887396,4434.927475241126
51,Twitter,,Campaign,2417.52,1334.319807820024,1083.200192179976
444,TikTok,,ImpactStory,88138.96,51089.23304396124,37049.726956038765
429,Facebook,,EventPromotion,0.0,-0.1554121764327025,0.1554121764327025
280,Twitter,,ThankYou,3703.21,1126.3301279708514,2576.879872029149
112,LinkedIn,,EventPromotion,0.0,6.225643249991202,-6.225643249991202
328,WhatsApp,,ImpactStory,135882.11,29138.531701633485,106743.5782983665
639,Facebook,,ImpactStory,99245.98,124775.73070281176,-25529.75070281177
498,LinkedIn,,ImpactStory,694686.66,76725.96771552364,617960.6922844764
245,Facebook,,EducationalContent,0.0,0.7612330379193915,-0.7612330379193915
214,Facebook,,EventPromotion,0.0,1.5642777299664328,-1.5642777299664328
491,TikTok,,EducationalContent,0.0,54.87560012888305,-54.87560012888305
251,YouTube,,ImpactStory,200716.59,236068.25544153297,-35351.66544153297
581,Facebook,,FundraisingAppeal,77346.63,21090.66968883096,56255.960311169045
